epoch,batch,total_loss,ctc_loss,fairness
1,1,1018.08044,666.04169,704.0774536
1,2,406.75851,406.75851,0.0
1,3,109636.875,674.42798,217924.890625
1,4,339795.09375,804.2699,677981.625
1,5,13362.05273,213.12408,26297.8574219
1,6,376297.53125,944.30768,750706.4375
1,7,303.00299,303.00299,0.0
1,8,132791.82812,565.19122,264453.28125
1,9,5725.09961,167.54338,11115.1123047
1,10,348125.28125,900.88416,694448.8125
1,11,360.46518,51.04714,618.8360596
1,12,23741.99023,183.23109,47117.5195312
1,13,4388.91406,99.13454,8579.5585938
1,14,79309.57031,454.25027,157710.640625
1,15,682015.375,904.36371,1362222.0
1,16,93597.98438,532.13934,186131.6875
1,17,12857.63184,203.41565,25308.4316406
1,18,30815.32227,183.64694,61263.3515625
1,19,175.76851,12.7672,326.0026245
1,20,543.33875,543.33875,0.0
1,21,904.77081,360.21124,1089.1191406
1,22,11057.60645,446.84961,21221.5136719
1,23,381.85175,224.90422,313.89505
1,24,142803.0,610.11377,284385.78125
1,25,1310.5072,114.63037,2391.7536621
1,26,133817.21875,768.51599,266097.40625
1,27,20593.04102,422.8302,40340.421875
1,28,1750.64978,143.19724,3214.9050293
1,29,367.50446,349.33649,36.3359375
1,30,3290.06494,147.31702,6285.4956055
1,31,82788.64062,547.8847,164481.515625
1,32,255.6037,156.60597,197.9954681
1,33,702.75415,117.11798,1171.2723389
1,34,92.10492,90.88408,2.4416771
1,35,20430.19141,324.95264,40210.4765625
1,36,119655.11719,589.05695,238132.125
1,37,9154.57031,263.20789,17782.7246094
1,38,121.35655,101.73061,39.2518997
1,39,444.82233,76.6695,736.3056641
1,40,56603.49219,400.97803,112405.03125
1,41,125.39722,108.05997,34.674511
1,42,599.78247,35.62791,1128.309082
1,43,270.68073,135.39973,270.5619507
1,44,1698.43921,175.75314,3045.3720703
1,45,771.47778,302.42578,938.1039429
1,46,16538.78125,193.43079,32690.7011719
1,47,56586.46484,317.36389,112538.203125
1,48,167.60533,106.82329,121.5640793
1,49,3588.73804,200.15009,6777.1757812
1,50,38342.19141,394.77704,75894.828125
1,51,1717.93066,113.35766,3209.1459961
1,52,21202.70117,337.08905,41731.2226562
1,53,319.57193,319.57193,0.0
1,54,6105.71045,299.52444,11612.3720703
1,55,1830.49854,220.74992,3219.4973145
1,56,301.85632,300.9761,1.7604456
1,57,31925.03906,468.96094,62912.15625
1,58,4508.97559,450.57666,8116.7983398
1,59,230.79008,226.8481,7.8839688
1,60,27771.21094,277.6163,54987.1875
1,61,981.25745,328.31055,1305.8937988
1,62,201.18825,196.61198,9.1525345
1,63,16506.98828,422.73029,32168.5175781
1,64,6450.0791,170.93765,12558.2832031
1,65,9463.54004,330.08624,18266.9082031
1,66,91507.29688,452.62897,182109.328125
1,67,23180.22266,445.8172,45468.8125
1,68,2537.86353,242.03874,4591.6494141
1,69,2488.52124,249.92877,4477.1850586
1,70,1532.72839,358.26282,2348.9311523
1,71,8468.00684,354.02325,16227.9667969
1,72,1241.56323,270.87604,1941.3743896
1,73,311.27859,305.27612,12.0049706
1,74,246.29755,226.61258,39.3699493
1,75,791.24866,282.75635,1016.9846191
1,76,14781.57422,454.22632,28654.6953125
1,77,209.85141,209.85141,0.0
1,78,11257.95508,358.16537,21799.5800781
1,79,2857.3269,164.8286,5384.996582
1,80,29338.55273,464.45517,57748.1953125
1,81,85859.78125,482.51788,170754.53125
1,82,12531.3623,279.79303,24503.1386719
1,83,452.53882,290.75629,323.565033
1,84,211.00211,165.33685,91.3304901
1,85,18631.23438,585.13782,36092.1914062
1,86,579.69202,388.68335,382.0172729
1,87,2752.08594,293.05591,4918.0600586
1,88,13904.91211,456.09097,26897.6425781
1,89,2248.896,220.1636,4057.4645996
1,90,5390.73438,437.81427,9905.8398438
1,91,434.18741,402.50696,63.3609276
1,92,432.14359,56.77912,750.7289429
1,93,3315.22461,403.15518,5824.1386719
1,94,260368.84375,573.96204,519589.75
1,95,2923.38379,369.71149,5107.3447266
1,96,366.61615,366.61615,0.0
1,97,441.95621,438.62042,6.6715908
1,98,3312.61328,436.19189,5752.8427734
1,99,398.06369,381.0274,34.0725517
1,100,513.93738,300.34656,427.1816101
1,101,672.66675,98.78506,1147.7633057
1,102,587.53101,587.53101,0.0
1,103,489.98761,373.39334,233.1885223
1,104,795.47461,374.9624,841.024353
1,105,15551.19141,328.125,30446.1328125
1,106,428.64966,428.64966,0.0
1,107,2443.68652,401.19843,4084.9760742
1,108,449.61618,449.61618,0.0
1,109,794.94342,393.39041,803.1060181
1,110,1751.90771,417.73322,2668.348877
1,111,386.36905,310.78952,151.1590729
1,112,3038.07861,304.58917,5466.9790039
1,113,28807.4375,523.98505,56566.90625
1,114,8855.69531,396.97223,16917.4453125
1,115,4589.57861,405.9783,8367.2001953
1,116,7354.77441,181.51875,14346.5117188
1,117,319.36472,313.77234,11.1847696
1,118,17528.39062,461.23425,34134.3125
1,119,2301.92725,317.03824,3969.7780762
1,120,8956.79004,333.85764,17245.8652344
1,121,316.85599,316.85599,0.0
1,122,14088.44531,172.81006,27831.2714844
1,123,798.68329,369.59055,858.1854858
1,124,3459.96362,389.64105,6140.6450195
1,125,4640.69824,384.05182,8513.2929688
1,126,1366.49951,279.23001,2174.5390625
1,127,1843.12085,239.53496,3207.171875
1,128,4377.82861,411.47156,7932.7138672
1,129,5464.70947,289.45761,10350.5039062
1,130,1167.66162,392.16882,1550.9855957
1,131,9819.24707,438.11133,18762.2714844
1,132,352.02612,96.75764,510.5369263
1,133,3416.62158,331.33224,6170.5786133
1,134,2306.12866,339.84988,3932.5576172
1,135,1921.92322,327.43607,3188.9743652
1,136,234.85335,234.85335,0.0
1,137,352.36563,352.36563,0.0
1,138,263.75067,163.04631,201.4087219
1,139,607.47876,607.47876,0.0
1,140,300.5318,300.5318,0.0
1,141,180.14758,136.81526,86.66465
1,142,932.02069,191.03613,1481.9691162
1,143,215.24234,215.24234,0.0
1,144,45028.03125,181.33713,89693.390625
1,145,9796.07617,403.98004,18784.1914062
1,146,2686.22363,337.37057,4697.7060547
1,147,29615.74805,212.38495,58806.7265625
1,148,3029.80811,185.87964,5687.8569336
1,149,426.03287,426.03287,0.0
1,150,2280.53052,390.24213,3780.5769043
1,151,1841.28284,237.43835,3207.6889648
1,152,6851.69531,387.62915,12928.1318359
1,153,3522.86523,315.88181,6413.9667969
1,154,711.28491,318.92929,784.7111816
1,155,506.34909,366.21777,280.2626343
1,156,263.9874,263.9874,0.0
1,157,1317.90442,331.82599,1972.1568604
1,158,684.56421,327.08444,714.9595337
1,159,1944.03113,230.07346,3427.9152832
1,160,1840.07166,361.3479,2957.4475098
1,161,446.25336,391.62073,109.2652283
1,162,6536.34326,499.00629,12074.6738281
1,163,333.60089,298.12375,70.9542618
1,164,882.62903,190.46442,1384.3292236
1,165,4668.33301,374.26599,8588.1337891
1,166,132.94048,132.94048,0.0
1,167,2781.03809,381.60202,4798.8720703
1,168,7736.21338,260.42929,14951.5683594
1,169,20071.11719,459.60562,39223.0234375
1,170,473.32236,461.47678,23.6911755
1,171,4068.11475,503.67358,7128.8823242
1,172,8439.03711,442.43307,15993.2089844
1,173,1161.72778,431.27283,1460.9100342
1,174,1076.24023,381.92859,1388.6231689
1,175,355.5235,337.59525,35.8565025
1,176,5667.2793,382.21402,10570.1308594
1,177,512.18365,386.16882,252.0296173
1,178,13332.62109,447.26364,25770.7148438
1,179,4563.54541,469.62701,8187.8364258
1,180,388.50519,382.18903,12.6323366
1,181,521.66479,473.94699,95.4355774
1,182,3045.94971,388.45862,5314.9819336
1,183,567.18201,457.26309,219.8378448
1,184,15107.60352,283.69269,29647.8222656
1,185,547.86292,547.86292,0.0
1,186,206.80765,98.52618,216.5629272
1,187,382.71326,382.71326,0.0
1,188,7495.67969,475.74509,14039.8691406
1,189,475.01367,424.23846,101.5503845
1,190,13368.97656,258.01163,26221.9296875
1,191,627.21381,157.56648,939.2946777
1,192,2049.32178,475.43008,3147.7832031
1,193,8115.99805,563.19592,15105.6044922
1,194,1039.35425,506.04852,1066.6115723
1,195,3129.83105,465.86877,5327.9248047
1,196,24427.28711,309.2478,48236.078125
1,197,1294.33167,503.79324,1581.0769043
1,198,803.57825,575.19098,456.7745667
1,199,1376.25562,178.33327,2395.8447266
1,200,461.0993,390.59683,141.0049744
1,201,492.95258,492.95258,0.0
1,202,3902.71582,579.88892,6645.6538086
1,203,2360.64722,569.77527,3581.7438965
1,204,233439.0,513.17084,465851.65625
1,205,14027.05469,444.33185,27165.4453125
1,206,520.25348,517.29706,5.9128199
1,207,1419.14148,538.52393,1761.2351074
1,208,506.56287,500.89874,11.3282652
1,209,621.22711,621.22711,0.0
1,210,700.50006,478.90292,443.1942749
1,211,8946.59668,496.2395,16900.7148438
1,212,1016.12457,457.5426,1117.1639404
1,213,9020.20117,440.93787,17158.5273438
1,214,633.2016,493.634,279.1351929
1,215,1435.83911,537.55042,1796.5775146
1,216,1044.54956,500.70114,1087.6967773
1,217,3003.97656,509.38611,4989.1811523
1,218,13663.92969,556.26538,26215.328125
1,219,921.84039,522.25409,799.1726074
1,220,61525.44922,370.94156,122309.015625
1,221,533.25177,509.07916,48.3452225
1,222,2203.67725,538.03064,3331.2929688
1,223,565.31293,519.20459,92.2167206
1,224,897.54193,539.70435,715.6751709
1,225,489.50989,483.20108,12.6176157
1,226,3352.69897,326.73807,6051.921875
1,227,773.50348,415.8327,715.3415527
1,228,1999.62439,497.43027,3004.3881836
1,229,1036.07068,462.06186,1148.0175781
1,230,493.64279,493.64279,0.0
1,231,468.27863,468.27863,0.0
1,232,670.26471,368.24786,604.0336914
1,233,638.2229,434.91504,406.6156921
1,234,703.59009,502.17758,402.8249512
1,235,1042.05005,382.77618,1318.5478516
1,236,638.79224,234.04126,809.5019531
1,237,360.10608,360.10608,0.0
1,238,481.15466,476.23499,9.8393393
1,239,1422.63281,459.33353,1926.5986328
1,240,561.2146,368.59265,385.2438354
1,241,289.51062,289.51062,0.0
1,242,7422.3291,539.71045,13765.2373047
1,243,497.34143,458.1048,78.4732895
1,244,398.53268,398.53268,0.0
1,245,4109.06543,340.24155,7537.6474609
1,246,506.3064,452.18707,108.2386169
1,247,939.9798,453.94806,972.0634766
1,248,4664.33398,526.90118,8274.8652344
1,249,1197.5249,457.99054,1479.0688477
1,250,190.12407,190.12407,0.0
1,251,522.48352,436.42175,172.1234894
1,252,5959.60498,522.40558,10874.3984375
1,253,4727.98096,257.76404,8940.4335938
1,254,1577.88281,451.5347,2252.6962891
1,255,29788.32812,391.22275,58794.2109375
1,256,604.07916,393.18793,421.7824707
1,257,15022.11523,337.12354,29369.984375
1,258,355.38266,349.24689,12.2715607
1,259,7602.76855,171.7296,14862.078125
1,260,419.32709,401.24319,36.1678123
1,261,3543.26123,529.11609,6028.2900391
1,262,12055.32422,522.41418,23065.8203125
1,263,1623.58887,446.02649,2355.1247559
1,264,721.8045,460.49896,522.611084
1,265,494.50244,442.74243,103.5200119
1,266,449.54745,449.54745,0.0
1,267,531.2486,454.61237,153.2724304
1,268,589.94897,507.60559,164.6867676
1,269,505.37943,470.12662,70.5056381
1,270,482.11349,474.99503,14.2369289
1,271,16760.02734,365.60321,32788.8476562
1,272,1071.30469,504.63354,1133.3422852
1,273,484.16776,476.60962,15.1162729
1,274,1715.51367,414.13464,2602.7580566
1,275,628.70648,481.88986,293.6332397
1,276,3844.38623,526.32678,6636.1191406
1,277,422.71976,402.22568,40.9881554
1,278,6035.0293,523.89496,11022.2685547
1,279,776.79053,441.60608,670.3689575
1,280,68721.01562,472.21255,136497.609375
1,281,4571.25537,175.34673,8791.8173828
1,282,749.29944,395.99072,706.6174927
1,283,6783.80127,532.8667,12501.8691406
1,284,422.53403,331.23206,182.6039276
1,285,785.08813,467.65079,634.8747559
1,286,463.42749,447.5351,31.7847862
1,287,484.05243,484.05243,0.0
1,288,665.47681,455.26221,420.4291992
1,289,887.53894,461.84485,851.3881226
1,290,1109.87793,480.7146,1258.3267822
1,291,6841.91113,342.69653,12998.4287109
1,292,396.27167,383.97443,24.5945129
1,293,672.13757,449.42145,445.4321899
1,294,455.42679,451.27286,8.3078375
1,295,1410.80273,447.39261,1926.8203125
1,296,945.70801,517.04187,857.3322754
1,297,388.17529,388.14404,0.0625082
1,298,1724.77539,478.15515,2493.2404785
1,299,11218.35254,529.01538,21378.6738281
1,300,14735.94141,274.16144,28923.5605469
1,301,637.55261,480.37927,314.3467407
1,302,5926.27881,483.24069,10886.0761719
1,303,639.60699,484.22665,310.7606506
1,304,15851.02148,378.55225,30944.9394531
1,305,527.13544,499.18048,55.9099541
1,306,369.74631,367.1676,5.1574121
1,307,24553.10156,303.28989,48499.625
1,308,1736.77966,417.42725,2638.704834
1,309,3007.20361,522.12567,4970.1557617
1,310,621.81989,522.75793,198.1239319
1,311,3110.71289,538.01025,5145.4052734
1,312,571.45551,496.79749,149.3160553
1,313,15922.09375,367.30923,31109.5683594
1,314,709.6084,177.31174,1064.5933838
1,315,349.82306,349.82306,0.0
1,316,778.40784,517.73584,521.3439941
1,317,493.35519,486.66977,13.3708315
1,318,2907.95068,346.08282,5123.7358398
1,319,4911.93506,531.70563,8760.4589844
1,320,1637.02368,502.0434,2269.9604492
1,321,941.95837,484.08618,915.7444458
1,322,499.13937,499.13937,0.0
1,323,518.34106,491.66138,53.3593559
1,324,1084.77185,511.94107,1145.6616211
1,325,569.82812,569.82812,0.0
1,326,789.51062,472.12106,634.7790527
1,327,4915.12061,545.54865,8739.1435547
1,328,1952.05249,513.33569,2877.4335938
1,329,229.40407,229.40407,0.0
1,330,814.94305,368.58331,892.7194824
1,331,2409.70166,505.4892,3808.4250488
1,332,497.97989,497.95978,0.0402404
1,333,2367.80371,463.92673,3807.7539062
1,334,382.8186,382.8186,0.0
1,335,443.8244,443.8244,0.0
1,336,527.77881,474.11832,107.3209991
1,337,1014.69275,520.38232,988.6208496
1,338,478.32196,432.45862,91.7266693
1,339,509.50674,472.94446,73.1245956
1,340,2164.8269,452.46027,3424.7333984
1,341,515.53638,465.25403,100.5646591
1,342,588.90137,468.73248,240.3378296
1,343,600.08917,488.12268,223.9329376
1,344,485.14893,485.14893,0.0
1,345,6559.77295,377.28699,12364.9716797
1,346,9768.44531,483.29633,18570.2988281
1,347,398.89331,388.62842,20.5297966
1,348,894.32141,359.20639,1070.2299805
1,349,632.70874,480.58612,304.2453003
1,350,2546.97412,530.88379,4032.1806641
1,351,48149.01562,409.85889,95478.3125
1,352,12856.68848,330.13635,25053.1035156
1,353,484.65918,444.58466,80.1490479
1,354,5564.92529,369.30621,10391.2382812
1,355,1249.82043,514.41156,1470.817749
1,356,427.65912,421.45474,12.4087667
1,357,355.13995,299.36069,111.5585251
1,358,468.37564,444.3956,47.960083
1,359,865.39343,435.47852,859.829895
1,360,12207.41406,598.63074,23217.5664062
1,361,535.9328,489.01562,93.8342972
1,362,3661.62036,520.10132,6283.0380859
1,363,8709.63281,639.91809,16139.4287109
1,364,522.14612,522.14612,0.0
1,365,1250.32996,497.65427,1505.3514404
1,366,9763.80566,537.66589,18452.2792969
1,367,1999.95264,482.83722,3034.2307129
1,368,19441.81836,366.45499,38150.7265625
1,369,703.05225,433.5957,538.9130249
1,370,73169.80469,590.9657,145157.671875
1,371,587.11121,444.42218,285.3780518
1,372,743.18616,477.02475,532.3227539
1,373,1353.69482,386.78235,1933.8248291
1,374,452.58813,452.58813,0.0
1,375,5182.68311,532.56934,9300.2275391
1,376,460.95874,460.95874,0.0
1,377,420.10486,416.51666,7.1764159
1,378,2723.80249,454.8537,4537.8974609
1,379,2136.99805,459.95706,3354.0820312
1,380,429.56799,429.56799,0.0
1,381,833.16907,456.74951,752.8391113
1,382,278.4407,274.11029,8.6608152
1,383,565.75165,441.24036,249.0225677
1,384,2194.62256,483.35547,3422.5339355
1,385,836.32031,436.99933,798.6419067
1,386,5634.07178,453.47443,10361.1943359
1,387,527.70679,526.20508,3.0033739
1,388,3859.41089,483.96677,6750.8881836
1,389,308.3822,308.3822,0.0
1,390,477.82379,440.30444,75.0387268
1,391,856.76953,421.21219,871.1146851
1,392,13313.36328,554.54773,25517.6308594
1,393,978.16925,461.18353,1033.9714355
1,394,437.03952,437.03952,0.0
1,395,937.23425,586.53979,701.388855
1,396,481.80249,348.34985,266.9052429
1,397,397.61386,396.82925,1.5691866
1,398,500.50055,433.39215,134.2167664
1,399,5459.42334,446.45212,10025.9423828
1,400,1443.31689,426.66696,2033.2999268
1,401,802.41248,413.39679,778.0313721
1,402,639.54584,582.49237,114.1069565
1,403,592.67365,575.87659,33.5940781
1,404,473.77945,372.61334,202.3321991
1,405,376.60156,376.60156,0.0
1,406,648.4079,360.25034,576.3151245
1,407,318.44611,312.39746,12.0972605
1,408,522.45374,388.48907,267.9293213
1,409,4584.81836,467.18848,8235.2597656
1,410,351.34631,149.97174,402.7491455
1,411,684.6167,389.6449,589.9436646
1,412,390.97086,390.97086,0.0
1,413,6842.78271,491.37885,12702.8076172
1,414,5178.07275,479.35233,9397.4404297
1,415,5546.78711,441.46927,10210.6357422
1,416,5381.31982,274.14838,10214.3427734
1,417,550.94238,442.4808,216.9231873
1,418,1801.2229,409.20184,2784.0422363
1,419,554.83588,351.49759,406.6766052
1,420,3303.81494,593.7655,5420.0991211
1,421,2414.49438,617.85529,3593.2783203
1,422,987.8465,356.26801,1263.1569824
1,423,526.65094,387.06424,279.1734314
1,424,525.24554,503.57513,43.3408699
1,425,1748.14624,447.61926,2601.0539551
1,426,396.25116,378.76913,34.9640694
1,427,7576.80273,687.70129,13778.203125
1,428,305.08948,305.08948,0.0
1,429,354.02161,322.78207,62.4790611
1,430,720.27625,584.9198,270.7128296
1,431,3641.96875,479.44922,6325.0390625
1,432,3284.80371,456.7442,5656.1191406
1,433,5358.32227,572.7251,9571.1943359
1,434,6375.46094,383.62442,11983.6728516
1,435,12224.68457,322.82941,23803.7109375
1,436,4926.76562,494.36877,8864.7939453
1,437,601.17493,455.58594,291.1779175
1,438,1898.83325,359.58453,3078.4975586
1,439,341.19382,300.95221,80.4832306
1,440,4284.98242,515.47638,7539.0117188
1,441,16522.48828,365.03381,32314.9101562
1,442,515.56677,449.37546,132.3825836
1,443,473.77887,473.77887,0.0
1,444,469.44849,469.44849,0.0
1,445,589.29065,589.29065,0.0
1,446,15815.60156,345.72888,30939.7460938
1,447,650.89319,457.80893,386.1685791
1,448,435.73901,406.79077,57.8964577
1,449,498.76318,462.41849,72.6893845
1,450,17293.32227,362.19739,33862.25
1,451,641.11383,535.16235,211.9029694
1,452,465.25049,450.49905,29.5028629
1,453,1273.09607,495.94434,1554.3034668
1,454,726.07184,485.32965,481.4844055
1,455,374.19992,374.19992,0.0
1,456,4698.28662,541.62012,8313.3330078
1,457,538.11938,361.00967,354.2194519
1,458,756.08044,481.06458,550.0317993
1,459,2918.60742,495.00281,4847.2089844
1,460,670.42163,477.35342,386.1363525
1,461,3737.44385,510.48068,6453.9262695
1,462,7799.27148,557.01135,14484.5205078
1,463,2716.35303,501.32629,4430.0537109
1,464,455.2265,455.2265,0.0
1,465,470.25351,470.25351,0.0
1,466,1316.26941,452.84619,1726.8464355
1,467,610.48499,475.36206,270.2457886
1,468,5312.41211,486.83536,9651.1533203
1,469,660.09106,426.79315,466.5958862
1,470,489.23721,481.77466,14.9250879
1,471,681.14874,477.41556,407.4664001
1,472,553.25757,553.25757,0.0
1,473,518.99475,467.099,103.7915649
1,474,54239.73438,348.2182,107783.03125
1,475,448.06049,417.71408,60.6928406
1,476,16861.83008,571.88586,32579.8886719
1,477,702.6582,387.87302,629.5704346
1,478,7915.98682,326.12106,15179.7314453
1,479,10342.81445,524.10107,19637.4257812
1,480,1086.55957,413.19452,1346.7302246
1,481,1983.76538,435.39276,3096.7451172
1,482,430.16104,420.4574,19.4072781
1,483,421.97202,414.17108,15.60186
1,484,12360.5,298.6503,24123.6992188
1,485,3235.0481,427.29974,5615.496582
1,486,487.15717,416.40668,141.5009918
1,487,8875.14551,490.40338,16769.484375
1,488,420.22079,373.32309,93.7954178
1,489,372.33789,372.33789,0.0
1,490,2526.47607,411.63556,4229.6811523
1,491,504.31876,504.31876,0.0
1,492,407.96698,407.96698,0.0
1,493,329.83768,313.3822,32.9109344
1,494,545.97858,350.16693,391.6232605
1,495,387.37085,357.6684,59.4049339
1,496,9585.03125,504.06934,18161.9238281
1,497,4069.7998,394.82898,7349.9414062
1,498,3604.73828,354.87213,6499.7324219
1,499,3508.75854,460.06793,6097.3813477
1,500,2138.77759,387.6662,3502.2229004
2,1,265.71741,243.88351,43.6678047
2,2,377.35336,377.06467,0.5773664
2,3,2483.11035,417.1264,4131.9677734
2,4,1369.39539,387.9975,1962.7957764
2,5,1402.15405,289.76627,2224.7756348
2,6,1251.40918,396.30194,1710.2145996
2,7,843.75684,383.21967,921.0742798
2,8,7923.25635,456.70456,14933.1035156
2,9,4738.4126,476.77872,8523.2675781
2,10,483.50143,483.50143,0.0
2,11,517.40112,504.35318,26.0959473
2,12,54048.33203,347.60126,107401.4609375
2,13,402.61703,329.19998,146.8340912
2,14,1060.24731,429.10443,1262.2858887
2,15,288.52646,287.4942,2.0645382
2,16,3136.27686,428.94983,5414.6542969
2,17,420.5957,392.80038,55.5906105
2,18,2027.53809,477.67365,3099.7287598
2,19,288.28119,288.28119,0.0
2,20,693.22247,409.06317,568.3186035
2,21,410.90335,408.06042,5.6858406
2,22,276.16025,276.16025,0.0
2,23,413.3244,408.53699,9.5748529
2,24,939.88446,481.93518,915.8985596
2,25,700.31482,411.06525,578.4992065
2,26,599.33948,599.33948,0.0
2,27,647.81018,412.59723,470.4259644
2,28,626.65979,370.54163,512.2363281
2,29,719.69611,369.91492,699.5623779
2,30,508.76978,508.76978,0.0
2,31,465.59613,465.59613,0.0
2,32,471.1814,471.1814,0.0
2,33,7347.40625,478.16693,13738.4785156
2,34,584.91638,392.60822,384.616394
2,35,2910.67236,396.62518,5028.0942383
2,36,3171.18042,471.92804,5398.5048828
2,37,105207.92969,458.15588,209499.546875
2,38,406.26929,376.04663,60.4452934
2,39,2047.57959,448.25452,3198.6501465
2,40,551.12042,372.81137,356.618103
2,41,409.33029,409.33029,0.0
2,42,11568.89258,324.61783,22488.5488281
2,43,16572.77539,470.83978,32203.8710938
2,44,3104.9624,426.42786,5357.0693359
2,45,441.27228,368.49368,145.5571594
2,46,623.88708,393.79849,460.177124
2,47,2477.05835,317.3576,4319.4013672
2,48,540.14496,540.14496,0.0
2,49,4929.53027,328.203,9202.6542969
2,50,2594.104,404.73334,4378.7412109
2,51,418.30206,390.62408,55.3559532
2,52,3828.52856,369.87503,6917.3071289
2,53,39811.54688,542.83521,78537.421875
2,54,2519.8938,380.47293,4278.8417969
2,55,313.3558,258.74091,109.2298203
2,56,393.05426,393.05426,0.0
2,57,1858.48889,393.4285,2930.1208496
2,58,538.05817,326.81534,422.4856567
2,59,15314.1543,470.26233,29687.7832031
2,60,1762.36206,345.93018,2832.8637695
2,61,724.7196,372.883,703.6732788
2,62,3371.94458,421.96094,5899.9672852
2,63,403.20923,373.94604,58.5263748
2,64,659.26855,383.45599,551.625061
2,65,6528.06641,475.04553,12106.0419922
2,66,643.07941,428.93341,428.2919922
2,67,1872.27026,489.14334,2766.2539062
2,68,937.87891,442.95148,989.8547974
2,69,488.93365,383.26501,211.3372955
2,70,544.88788,544.88788,0.0
2,71,526.62433,413.53647,226.175705
2,72,445.97198,445.97198,0.0
2,73,501.20624,396.17032,210.0718231
2,74,506.23706,406.46307,199.5479889
2,75,407.70877,407.70877,0.0
2,76,974.83136,443.21283,1063.2370605
2,77,810.49939,463.15045,694.6978149
2,78,439.59839,439.59839,0.0
2,79,443.00021,404.53754,76.9253387
2,80,481.77444,412.73157,138.0857391
2,81,443.69971,443.69971,0.0
2,82,23740.99219,600.31464,46281.3554688
2,83,428.36642,426.23819,4.2564692
2,84,1150.48645,399.69501,1501.5828857
2,85,50530.61719,421.49121,100218.25
2,86,308.40027,307.54922,1.7020711
2,87,2586.97217,447.47775,4278.9887695
2,88,536.63379,520.59741,32.0727959
2,89,7192.19385,356.26086,13671.8662109
2,90,2378.4104,431.11469,3894.5915527
2,91,460.71408,427.16745,67.0932846
2,92,21351.13867,490.90741,41720.4609375
2,93,2591.85449,441.88733,4299.934082
2,94,423.53015,399.38065,48.2990189
2,95,572.91003,396.49167,352.8367004
2,96,393.66501,381.69916,23.9316788
2,97,5045.30713,291.35455,9507.9052734
2,98,588.94623,400.52979,376.8328552
2,99,418.83215,418.83215,0.0
2,100,449.26117,449.26117,0.0
2,101,1221.88818,340.82037,1762.135498
2,102,4081.61646,280.73651,7601.7597656
2,103,1437.99182,413.96255,2048.0585938
2,104,5051.7793,433.56305,9236.4326172
2,105,1063.91992,405.99142,1315.8569336
2,106,1537.11292,507.1835,2059.8588867
2,107,8377.22852,509.17084,15736.1152344
2,108,1153.5752,420.13956,1466.8712158
2,109,566.72144,388.89536,355.6521301
2,110,397.61957,397.58813,0.0628432
2,111,9852.90723,287.77155,19130.2714844
2,112,720.65198,383.82959,673.6448364
2,113,377.91376,377.91376,0.0
2,114,307.67822,306.96609,1.4242401
2,115,638.77161,458.07806,361.3871155
2,116,407.41852,407.41852,0.0
2,117,373.29089,373.29089,0.0
2,118,27032.01172,503.61108,53056.8007812
2,119,1428.44507,396.51379,2063.8625488
2,120,3208.45166,427.56287,5561.7773438
2,121,765.82666,454.4212,622.8108521
2,122,1933.65161,434.25241,2998.7983398
2,123,410.91229,404.03104,13.7625113
2,124,622.53943,458.68604,327.7067261
2,125,5649.52734,555.80328,10187.4482422
2,126,1852.77869,504.90311,2695.7512207
2,127,482.89984,482.89984,0.0
2,128,425.75708,377.71155,96.0910492
2,129,480.69476,480.69476,0.0
2,130,22068.65625,519.96021,43097.390625
2,131,508.2533,367.02124,282.4641113
2,132,864.44739,490.79016,747.3144531
2,133,4886.79395,344.63702,9084.3134766
2,134,373.52969,355.77753,35.5043526
2,135,379.25964,374.50403,9.5112572
2,136,43283.71875,481.34253,85604.75
2,137,893.44122,428.80774,929.2669678
2,138,687.05353,379.12805,615.8509521
2,139,7028.2627,451.55646,13153.4121094
2,140,2337.0293,489.24435,3695.5700684
2,141,15121.32422,506.81018,29229.0273438
2,142,5989.01953,479.37103,11019.296875
2,143,4279.29541,482.76801,7593.0546875
2,144,617.42255,432.25604,370.3330078
2,145,533.10107,425.25769,215.6867065
2,146,38424.23047,494.93408,75858.59375
2,147,691.31885,421.65643,539.3248901
2,148,9834.33301,339.30597,18990.0546875
2,149,446.6131,446.6131,0.0
2,150,382.30405,381.03308,2.5419042
2,151,841.8537,509.42914,664.8491211
2,152,450.8588,439.41486,22.8878727
2,153,757.89087,433.88263,648.0164795
2,154,2357.9248,476.38074,3763.0883789
2,155,867.4176,473.87451,787.0862427
2,156,6267.45117,499.2486,11536.4052734
2,157,8918.60938,530.03333,16777.1523438
2,158,19366.95508,401.25391,37931.4023438
2,159,2662.63452,507.27417,4310.7207031
2,160,1501.97021,551.27319,1901.3939209
2,161,958.06982,513.16992,889.7998657
2,162,344.36481,173.13681,342.4559631
2,163,17315.40625,291.55975,34047.6914062
2,164,2970.4873,390.07312,5160.828125
2,165,39095.35156,235.02637,77720.6484375
2,166,6945.45996,327.81018,13235.2998047
2,167,456.62177,455.96814,1.3072529
2,168,37547.27344,421.81396,74250.921875
2,169,722.32202,478.0145,488.6150818
2,170,701.84155,501.11673,401.449707
2,171,500.91565,480.28497,41.2613258
2,172,323.61914,315.34537,16.5475731
2,173,523.40668,523.40668,0.0
2,174,12141.76172,664.67859,22954.1660156
2,175,512.61298,488.39685,48.4322853
2,176,444.03561,444.03561,0.0
2,177,1637.11804,564.11169,2146.0126953
2,178,3422.01611,575.96246,5692.1074219
2,179,861.82416,516.78174,690.0848389
2,180,555.76123,516.06482,79.3927689
2,181,349.78113,333.64374,32.2747574
2,182,688.51257,519.09692,338.8312683
2,183,4012.34033,620.04944,6784.5820312
2,184,2674.30127,570.50916,4207.5839844
2,185,504.03894,504.03894,0.0
2,186,716.51666,543.13733,346.758667
2,187,5367.604,356.41119,10022.3857422
2,188,442.83875,442.83875,0.0
2,189,662.74481,537.01794,251.4537201
2,190,1814.19092,604.61475,2419.1523438
2,191,996.7016,526.56042,940.2823486
2,192,617.19031,474.8266,284.727356
2,193,645.29199,524.84863,240.8867798
2,194,536.62903,520.06482,33.1284294
2,195,4025.14111,571.14001,6908.0024414
2,196,1753.70728,528.55347,2450.3076172
2,197,511.52045,511.52045,0.0
2,198,495.87622,494.89276,1.9669347
2,199,1063.40637,480.4126,1165.9875488
2,200,16244.14844,566.48853,31355.3203125
2,201,973.9245,386.19128,1175.4664307
2,202,5001.7207,544.52234,8914.3964844
2,203,460.48657,458.52045,3.9322801
2,204,7672.32373,556.2677,14232.1123047
2,205,805.03491,422.70642,764.6570435
2,206,451.18323,393.89185,114.5827637
2,207,455.64691,443.74359,23.8066425
2,208,3810.83838,518.729,6584.21875
2,209,1100.94348,595.15753,1011.5718384
2,210,756.55396,553.17822,406.7514648
2,211,15342.97656,397.55127,29890.8496094
2,212,13096.47168,581.32605,25030.2910156
2,213,649.3175,459.22467,380.1856079
2,214,2202.90039,530.84485,3344.1113281
2,215,566.31323,476.28662,180.0532227
2,216,548.51819,491.79153,113.4532471
2,217,772.3811,479.91504,584.9321289
2,218,1274.66406,508.78955,1531.7491455
2,219,1073.75281,505.99292,1135.5197754
2,220,610.99786,541.90833,138.1790771
2,221,500.65933,495.03299,11.2527113
2,222,845.88544,542.44452,606.8818359
2,223,392.02551,392.02551,0.0
2,224,857.02795,512.83252,688.3909302
2,225,925.87732,566.09045,719.5736694
2,226,2326.55078,584.47192,3484.157959
2,227,753.69049,536.61835,434.1442566
2,228,1488.11609,521.99304,1932.2460938
2,229,569.71155,569.638,0.1471094
2,230,1100.25269,487.54736,1225.4105225
2,231,533.06836,478.09958,109.9375534
2,232,505.95157,494.71503,22.4731026
2,233,1199.95789,471.57248,1456.770874
2,234,1088.56274,509.55734,1158.0107422
2,235,33939.69531,558.92029,66761.546875
2,236,480.7348,480.7348,0.0
2,237,823.43103,497.17496,652.512207
2,238,560.56647,524.677,71.7789764
2,239,549.90149,522.73328,54.3363686
2,240,721.03638,487.00421,468.0643921
2,241,519.02197,519.02197,0.0
2,242,519.54938,499.39566,40.3074188
2,243,826.69275,482.18243,689.0206299
2,244,715.61719,519.58301,392.0683594
2,245,662.49188,499.36157,326.2605896
2,246,671.98273,487.04913,369.867218
2,247,1274.573,524.50555,1500.1348877
2,248,64968.95703,381.21179,129175.4921875
2,249,788.08533,488.25809,599.654541
2,250,499.50775,455.48987,88.0357742
2,251,514.03577,488.01016,52.0512581
2,252,487.81052,481.27661,13.0678291
2,253,459.65948,454.56439,10.1901989
2,254,19577.08203,373.14587,38407.8710938
2,255,541.47321,490.01752,102.9114227
2,256,603.04242,502.18274,201.7193756
2,257,685.43317,498.60687,373.6525879
2,258,414.05072,414.05072,0.0
2,259,500.23154,461.76205,76.9389725
2,260,1076.64893,530.38531,1092.5273438
2,261,455.85687,455.85687,0.0
2,262,517.6571,517.6571,0.0
2,263,669.49475,524.2981,290.3933716
2,264,621.96808,473.72028,296.495575
2,265,481.64462,481.64462,0.0
2,266,366.71808,364.15567,5.1248255
2,267,6614.46729,486.80475,12255.3251953
2,268,504.48383,460.64474,87.6781693
2,269,10747.10645,323.42105,20847.3710938
2,270,565.12622,565.12622,0.0
2,271,7208.84668,529.63586,13358.421875
2,272,658.95502,512.2168,293.4764709
2,273,517.0434,517.0434,0.0
2,274,516.64307,452.7453,127.7954941
2,275,506.40677,478.20941,56.3947411
2,276,1256.97363,468.99341,1575.9603271
2,277,529.75031,323.89899,411.7026062
2,278,1698.47632,446.71213,2503.5283203
2,279,501.40906,419.302,164.2141113
2,280,10928.12012,465.37015,20925.5
2,281,1431.25305,451.07086,1960.3643799
2,282,6291.91699,511.47235,11560.8896484
2,283,4385.19287,497.24695,7775.8916016
2,284,647.87347,476.40561,342.93573
2,285,5721.38965,557.04077,10328.6972656
2,286,21416.15625,598.85767,41634.5976562
2,287,482.31915,434.04065,96.5569839
2,288,2074.4436,461.84439,3225.1982422
2,289,513.06073,503.78796,18.5455151
2,290,2236.38696,522.87592,3427.0219727
2,291,548.9314,548.9314,0.0
2,292,480.32297,436.28198,88.0819473
2,293,519.49451,519.49451,0.0
2,294,2140.52075,472.57547,3335.8903809
2,295,483.00183,483.00183,0.0
2,296,656.70667,536.85736,239.6986084
2,297,581.66107,464.05829,235.2055969
2,298,877.30017,498.7811,757.038147
2,299,4445.30762,534.98608,7820.6425781
2,300,7198.38135,339.45752,13717.8476562
2,301,537.32037,474.36246,125.9157791
2,302,2883.61694,586.30353,4594.6269531
2,303,1241.34607,493.59531,1495.5014648
2,304,473.94449,449.99118,47.9065971
2,305,1650.21436,477.95453,2344.5197754
2,306,622.35699,437.67023,369.3735046
2,307,385.3327,378.29358,14.0782738
2,308,433.19846,433.19846,0.0
2,309,2559.90796,507.29233,4105.2314453
2,310,685.45959,472.69223,425.5347595
2,311,4959.86572,320.01428,9279.703125
2,312,423.67023,423.67023,0.0
2,313,3289.1355,528.01758,5522.2358398
2,314,5753.74951,536.54639,10434.40625
2,315,3203.75317,538.96533,5329.5756836
2,316,875.71606,485.34668,780.7387085
2,317,371.18903,370.93393,0.5101832
2,318,876.74164,515.09308,723.2971191
2,319,1559.36646,497.49326,2123.7463379
2,320,11848.41992,334.25293,23028.3339844
2,321,759.65271,474.31262,570.6802368
2,322,583.91669,469.15033,229.5326996
2,323,436.06476,436.06476,0.0
2,324,9161.99805,561.01794,17201.9609375
2,325,1081.70068,500.33282,1162.7358398
2,326,4343.73828,495.19971,7697.0771484
2,327,592.55151,447.9584,289.1862793
2,328,12056.03906,357.88828,23396.3007812
2,329,7717.30273,556.59119,14321.4228516
2,330,12392.7334,334.68536,24116.0957031
2,331,428.14859,406.96045,42.3762817
2,332,707.33319,482.44852,449.7693176
2,333,520.32227,520.32227,0.0
2,334,454.00174,448.37524,11.2530012
2,335,686.5498,456.19034,460.7189026
2,336,462.06442,460.55521,3.0184264
2,337,477.77432,463.65192,28.244833
2,338,2081.4541,444.18884,3274.5305176
2,339,4802.01904,536.64484,8530.7480469
2,340,442.23764,440.24738,3.9805248
2,341,425.74615,425.74615,0.0
2,342,587.61591,450.07715,275.0775146
2,343,493.18167,454.13385,78.0956268
2,344,429.75815,365.10806,129.3001556
2,345,6620.45068,531.49121,12177.9189453
2,346,1041.50549,451.54764,1179.9156494
2,347,429.42062,424.55786,9.7255468
2,348,542.8974,459.86859,166.0576324
2,349,432.19995,431.96576,0.4684108
2,350,336.64294,336.64294,0.0
2,351,4408.63818,449.08572,7919.1044922
2,352,415.49188,415.32272,0.3383114
2,353,7800.12939,492.54297,14615.1728516
2,354,653.987,466.15323,375.6675415
2,355,3972.04883,335.21689,7273.6640625
2,356,446.33859,446.33859,0.0
2,357,528.91376,503.19333,51.4408989
2,358,425.6416,373.29129,104.7006226
2,359,646.05713,493.05695,306.0003357
2,360,2726.5625,469.62375,4513.8774414
2,361,481.00253,442.91425,76.1765518
2,362,1930.86719,461.03827,2939.657959
2,363,599.38953,599.38953,0.0
2,364,736.4281,417.71661,637.4230347
2,365,1447.58557,440.80844,2013.5543213
2,366,495.44196,495.44196,0.0
2,367,539.46075,389.11362,300.6942444
2,368,436.71588,427.67538,18.0810242
2,369,2855.52466,546.10309,4618.8432617
2,370,2253.6145,460.41855,3586.3920898
2,371,966.14117,439.36108,1053.5601807
2,372,13677.67969,312.49561,26730.3671875
2,373,450.04718,450.04718,0.0
2,374,1280.90674,484.93869,1591.9361572
2,375,15006.97363,356.50128,29300.9453125
2,376,6426.40479,385.99677,12080.8164062
2,377,605.39294,428.42529,353.9352417
2,378,477.48157,373.70544,207.5522766
2,379,463.44769,426.90051,73.0943375
2,380,34436.03906,514.16211,67843.75
2,381,501.60608,501.60608,0.0
2,382,5090.16455,509.47345,9161.3818359
2,383,420.81161,420.81161,0.0
2,384,1082.61816,443.8345,1277.5673828
2,385,3256.60107,511.14066,5490.9208984
2,386,1629.40747,471.13495,2316.5449219
2,387,545.39655,545.39655,0.0
2,388,628.82458,432.75452,392.1401367
2,389,468.42728,468.42728,0.0
2,390,385.52432,382.15085,6.7469368
2,391,541.00281,422.76602,236.4735107
2,392,2989.21802,499.21307,4980.0097656
2,393,507.07458,507.07458,0.0
2,394,476.43091,427.05615,98.7495346
2,395,3785.65112,420.51636,6730.2695312
2,396,14134.99512,360.23068,27549.5292969
2,397,490.10834,349.39444,281.4278259
2,398,643.9823,461.76605,364.4324341
2,399,512.11487,512.11487,0.0
2,400,684.29303,488.68973,391.2065735
2,401,14964.41113,359.78476,29209.2519531
2,402,407.15305,359.22336,95.8593521
2,403,570.46686,445.95248,249.0287018
2,404,466.87122,453.08658,27.5693016
2,405,3577.30078,485.14603,6184.3095703
2,406,1792.3855,481.44739,2621.8762207
2,407,373.77124,373.30493,0.9325992
2,408,440.31326,440.31326,0.0
2,409,37072.42578,591.52002,72961.8125
2,410,428.00934,424.60379,6.8111
2,411,11950.69043,312.9183,23275.5449219
2,412,1050.45935,369.2897,1362.3393555
2,413,458.45319,429.42114,58.0640564
2,414,6012.19336,521.36865,10981.6494141
2,415,1080.2373,452.43042,1255.6138916
2,416,602.64801,548.5011,108.2938538
2,417,5615.05469,338.54712,10553.0146484
2,418,4352.95996,309.48956,8086.9404297
2,419,1761.37585,441.866,2639.0197754
2,420,608.96289,454.66638,308.5930786
2,421,465.76852,440.42755,50.6819344
2,422,9737.91797,547.84766,18380.140625
2,423,1064.19556,442.83032,1242.7305908
2,424,383.75937,376.89301,13.7327471
2,425,409.29181,401.33395,15.9157276
2,426,1576.79309,434.15585,2285.2744141
2,427,436.46973,391.8674,89.2046509
2,428,658.49597,406.07663,504.8386841
2,429,8311.4043,514.19275,15594.4228516
2,430,423.78607,377.61035,92.3514633
2,431,8477.26855,403.05792,16148.421875
2,432,885.61829,429.37976,912.4771118
2,433,478.24612,429.02435,98.4435577
2,434,2533.09009,446.02832,4174.1235352
2,435,20062.98242,211.34377,39703.2773438
2,436,590.43604,437.03357,306.8049011
2,437,3336.98511,489.89255,5694.1850586
2,438,424.25415,414.50043,19.5074158
2,439,5973.65283,503.46188,10940.3818359
2,440,71170.97656,399.04492,141543.859375
2,441,708.80402,365.6727,686.2626343
2,442,440.76755,409.36285,62.8093758
2,443,549.79706,449.41705,200.7599945
2,444,5503.24854,542.0932,9922.3105469
2,445,2545.70117,469.25354,4152.8950195
2,446,453.73633,453.73633,0.0
2,447,735.74268,397.01498,677.4553833
2,448,5138.33154,324.71466,9627.2333984
2,449,556.97974,422.27832,269.4028625
2,450,45140.39844,439.95856,89400.8828125
2,451,693.25494,450.67822,485.1534424
2,452,543.7868,543.7868,0.0
2,453,366.4581,324.80267,83.3108521
2,454,437.57812,433.16437,8.827487
2,455,298.72968,298.72968,0.0
2,456,474.35837,432.44788,83.8209839
2,457,911.10437,431.82678,958.5552368
2,458,2963.62646,420.16052,5086.9316406
2,459,409.56635,408.2142,2.7042601
2,460,394.80127,394.80127,0.0
2,461,679.36072,407.40015,543.9210815
2,462,299.54559,253.00394,93.0832825
2,463,2984.59229,431.29764,5106.5893555
2,464,690.00354,475.74902,428.5090637
2,465,900.14526,432.00098,936.2885742
2,466,6081.39893,502.5108,11157.7763672
2,467,671.74536,408.15381,527.1831665
2,468,439.27234,434.67255,9.1995993
2,469,437.80472,397.42786,80.7537155
2,470,16633.33984,316.5303,32633.6191406
2,471,567.03174,473.13678,187.7899323
2,472,551.53174,398.28192,306.4995728
2,473,8478.51074,436.03931,16084.9423828
2,474,456.35324,395.41769,121.8710785
2,475,912.51099,429.73151,965.559021
2,476,924.29803,368.07574,1112.4445801
2,477,3832.11401,445.44452,6773.3388672
2,478,1454.5542,426.32416,2056.4599609
2,479,1177.19641,216.75926,1920.8743896
2,480,475.77301,475.77301,0.0
2,481,737.66339,437.01013,601.3065186
2,482,303.37723,303.3573,0.0398776
2,483,326.23264,326.23264,0.0
2,484,9396.20898,602.65698,17587.1035156
2,485,2475.45166,418.2666,4114.3701172
2,486,52231.11328,491.17108,103479.8828125
2,487,570.25958,421.38837,297.7424011
2,488,444.25266,442.58301,3.3392763
2,489,10951.49609,314.05225,21274.8886719
2,490,1860.8894,490.24713,2741.284668
2,491,502.77969,445.44904,114.6613159
2,492,5758.73193,503.86243,10509.7392578
2,493,455.76627,455.41901,0.6944999
2,494,1208.15906,275.36487,1865.5883789
2,495,717.67395,442.06311,551.2217407
2,496,1738.84363,461.52405,2554.6391602
2,497,718.43018,432.58105,571.6983032
2,498,991.89569,457.45819,1068.875
2,499,452.62079,448.23016,8.7812576
2,500,568.51361,484.5481,167.9309998
3,1,556.05194,432.81775,246.4683685
3,2,3925.65332,451.58737,6948.1318359
3,3,586.97961,449.18985,275.5794983
3,4,463.77753,463.77753,0.0
3,5,527.80377,457.00195,141.6036835
3,6,461.97501,422.99963,77.9507675
3,7,729.09967,455.69333,546.8126831
3,8,465.61975,437.28949,56.6604958
3,9,1111.15723,500.19495,1221.9245605
3,10,4857.71777,567.78351,8579.8681641
3,11,459.02734,459.02734,0.0
3,12,1095.38171,533.52258,1123.7182617
3,13,603.875,451.00012,305.7497559
3,14,1830.60962,470.61328,2719.9926758
3,15,1097.71594,538.24072,1118.9504395
3,16,1092.6333,455.11633,1275.0340576
3,17,330.73734,330.73734,0.0
3,18,339.16333,339.16333,0.0
3,19,444.44547,410.25323,68.3844604
3,20,5026.06396,416.13556,9219.8564453
3,21,1600.17651,496.3952,2207.5627441
3,22,41205.79688,465.06287,81481.46875
3,23,16597.32227,566.16656,32062.3105469
3,24,471.39297,463.3902,16.0055599
3,25,491.20596,489.39471,3.6224909
3,26,9488.11621,562.79083,17850.6503906
3,27,2992.00342,432.13367,5119.7392578
3,28,476.97229,443.66507,66.6144257
3,29,3981.77734,382.45477,7198.6450195
3,30,531.63269,528.69305,5.8792849
3,31,627.0177,499.19482,255.6457367
3,32,1472.08325,525.57263,1893.0211182
3,33,895.67188,461.521,868.3018188
3,34,972.69446,482.86954,979.6498413
3,35,474.69403,451.41843,46.551178
3,36,469.61694,467.79849,3.6368802
3,37,671.81445,513.9743,315.6803589
3,38,427.93649,404.73505,46.4028893
3,39,741.12726,461.7948,558.664917
3,40,469.67065,469.67065,0.0
3,41,458.73999,458.73999,0.0
3,42,983.53577,621.40649,724.2584839
3,43,742.61072,460.91583,563.3897095
3,44,486.09912,486.09912,0.0
3,45,4512.24902,640.60516,7743.2875977
3,46,1048.91858,448.32608,1201.1849365
3,47,627.69861,503.40854,248.5800781
3,48,721.27838,536.94354,368.6696472
3,49,1076.31128,485.05566,1182.5113525
3,50,2111.68799,458.82794,3305.7199707
3,51,317.81311,297.83752,39.9511833
3,52,417.14594,401.55359,31.1847038
3,53,449.03192,442.04306,13.9777308
3,54,1362.78931,474.90826,1775.762085
3,55,12806.38867,580.57458,24451.6289062
3,56,2598.64307,489.23294,4218.8203125
3,57,443.57483,430.18924,26.7711525
3,58,432.33002,432.33002,0.0
3,59,525.2677,440.26154,170.0123444
3,60,15580.31543,361.21411,30438.203125
3,61,407.47186,407.47186,0.0
3,62,455.91721,454.67743,2.4795377
3,63,931.01196,486.99219,888.0396118
3,64,29463.80078,395.05499,58137.4921875
3,65,580.10504,580.10504,0.0
3,66,502.09888,486.1467,31.9043694
3,67,1011.23468,464.87616,1092.717041
3,68,439.978,439.978,0.0
3,69,446.34903,431.68817,29.321701
3,70,37486.37109,521.68982,73929.359375
3,71,5341.32861,552.99506,9576.6669922
3,72,752.40808,447.70013,609.4159546
3,73,307.43661,302.06656,10.7401018
3,74,2746.47559,445.73962,4601.472168
3,75,1263.88892,454.31647,1619.1450195
3,76,490.83276,450.17871,81.3080978
3,77,539.37421,539.37421,0.0
3,78,4740.52686,374.39999,8732.2539062
3,79,1306.55786,452.31946,1708.4766846
3,80,420.07623,413.93484,12.2827511
3,81,482.00577,444.75659,74.4983521
3,82,465.22833,465.22833,0.0
3,83,486.61493,430.88147,111.4669189
3,84,569.88019,406.10455,327.5512695
3,85,394.13422,361.78326,64.7019119
3,86,416.68619,359.0383,115.295784
3,87,386.02206,384.92706,2.1899781
3,88,5956.80957,471.18689,10971.2451172
3,89,10193.30566,483.33502,19419.9414062
3,90,512.00122,417.43762,189.1271515
3,91,397.87531,397.87531,0.0
3,92,517.61359,493.06726,49.0925941
3,93,351.22937,351.22937,0.0
3,94,273.93661,273.93661,0.0
3,95,2674.30713,428.91605,4490.7822266
3,96,8188.92139,595.1297,15187.5830078
3,97,507.0705,507.0705,0.0
3,98,5173.81396,458.0253,9431.5771484
3,99,41961.29297,390.34177,83141.90625
3,100,454.50146,348.40323,212.1964722
3,101,9803.77246,275.62189,19056.3007812
3,102,355.81763,355.81763,0.0
3,103,2985.39038,406.70773,5157.3652344
3,104,1003.75513,388.1972,1231.1158447
3,105,321.63199,243.64487,155.9742432
3,106,349.89929,346.36951,7.0595455
3,107,566.17102,564.33826,3.6654963
3,108,2350.50171,373.7865,3953.4304199
3,109,1771.32617,372.10092,2798.4504395
3,110,939.31262,424.86624,1028.8928223
3,111,1627.8645,375.12732,2505.4743652
3,112,472.47833,472.47833,0.0
3,113,879.54059,350.20996,1058.6612549
3,114,67742.00781,389.28601,134705.4375
3,115,10575.58594,463.78821,20223.5957031
3,116,1896.89404,392.44824,3008.8916016
3,117,697.77881,397.53076,600.4960938
3,118,410.18164,336.96973,146.4238434
3,119,2295.78857,446.98801,3697.6010742
3,120,1369.51782,384.99316,1969.0493164
3,121,6926.62988,315.49768,13222.2646484
3,122,732.96655,375.22592,715.4812012
3,123,1325.98535,366.06726,1919.8360596
3,124,400.64255,400.64255,0.0
3,125,8625.05176,458.22784,16333.6484375
3,126,419.93948,368.90866,102.0616226
3,127,393.93439,393.93439,0.0
3,128,7896.92627,515.68445,14762.4833984
3,129,597.60333,404.46899,386.2686768
3,130,740.54901,488.75085,503.596283
3,131,438.67804,437.58081,2.1944511
3,132,2636.93823,426.53802,4420.800293
3,133,1568.99951,438.59296,2260.8132324
3,134,645.17407,444.46478,401.4185791
3,135,745.86432,420.44498,650.8386841
3,136,334.83496,327.23584,15.1982698
3,137,4698.99756,499.2807,8399.4335938
3,138,424.7984,420.20267,9.1914854
3,139,1540.81201,403.57294,2274.4782715
3,140,446.46649,441.64996,9.6330328
3,141,9795.68066,497.25171,18596.8574219
3,142,8138.01904,358.02344,15559.9912109
3,143,1395.27014,465.21927,1860.1016846
3,144,17147.92578,340.80627,33614.2382812
3,145,1465.68799,470.19287,1990.9902344
3,146,433.57111,433.57111,0.0
3,147,55059.44141,350.84802,109417.1875
3,148,2398.69189,526.70117,3743.9816895
3,149,1916.26636,452.23837,2928.0559082
3,150,13326.46777,471.806,25709.3242188
3,151,1486.42273,271.02597,2430.793457
3,152,31977.06641,585.13257,62783.8671875
3,153,1294.47632,481.93658,1625.0793457
3,154,442.01208,433.83807,16.3480377
3,155,491.14264,472.99652,36.2922478
3,156,444.42261,444.42261,0.0
3,157,3362.51562,497.10223,5730.8266602
3,158,467.90012,463.52789,8.744463
3,159,3593.76221,591.67676,6004.1708984
3,160,442.1308,442.00858,0.2444748
3,161,440.45325,439.70007,1.5063581
3,162,453.19833,449.27747,7.841733
3,163,449.26337,449.26337,0.0
3,164,570.15796,399.60754,341.100769
3,165,7421.91113,520.95007,13801.921875
3,166,457.30289,442.62683,29.3520889
3,167,522.47345,436.06311,172.8206482
3,168,3997.22437,360.16602,7274.1166992
3,169,1461.73022,584.50183,1754.4567871
3,170,666.3092,480.54132,371.5357666
3,171,12437.66113,311.70074,24251.9199219
3,172,657.77783,445.77405,424.0075073
3,173,837.90381,419.93289,835.9417725
3,174,4039.73486,301.80151,7475.8666992
3,175,1553.73499,465.17105,2177.1279297
3,176,1098.2655,453.42905,1289.6729736
3,177,414.996,414.30298,1.3860251
3,178,504.41739,441.67337,125.4880295
3,179,26096.94727,520.50281,51152.890625
3,180,427.47635,423.49493,7.9628119
3,181,456.44391,440.95395,30.9799404
3,182,1938.63049,508.63644,2859.9880371
3,183,1206.85156,443.11646,1527.4702148
3,184,593.90216,593.90216,0.0
3,185,4353.64697,533.24292,7640.8081055
3,186,678.72284,431.31744,494.8108215
3,187,493.72748,493.72748,0.0
3,188,445.22183,445.22183,0.0
3,189,546.50702,432.7236,227.5668335
3,190,466.01953,422.30017,87.4386902
3,191,31414.78711,580.75427,61668.0664062
3,192,398.06146,380.12054,35.8818359
3,193,1143.24902,449.21729,1388.0634766
3,194,446.42096,435.33621,22.1694927
3,195,444.30371,429.0816,30.4441891
3,196,431.68695,431.68695,0.0
3,197,420.63055,420.63055,0.0
3,198,413.77701,413.50897,0.5360902
3,199,8290.72266,503.54834,15574.3476562
3,200,478.98383,478.98383,0.0
3,201,661.75537,436.06085,451.3890076
3,202,477.60172,424.78912,105.6251831
3,203,502.56747,431.46127,142.2124023
3,204,688.34991,428.54633,519.6071777
3,205,919.44434,429.82806,979.2324829
3,206,22858.08789,486.08093,44744.015625
3,207,369.55389,361.4649,16.1779938
3,208,25348.25391,344.54419,50007.4179688
3,209,730.47083,416.84698,627.2476196
3,210,238.25995,235.50348,5.5129471
3,211,411.86249,406.19995,11.3250704
3,212,5613.00684,533.08228,10159.8496094
3,213,1411.36035,466.38141,1889.9577637
3,214,418.46402,414.45609,8.0158768
3,215,343.79059,341.35501,4.8711848
3,216,465.15717,430.50946,69.2954178
3,217,929.42517,489.14523,880.5599365
3,218,3842.48682,471.01678,6742.9399414
3,219,416.90485,415.97437,1.8609637
3,220,10605.9082,532.04193,20147.7324219
3,221,4597.13867,313.13458,8568.0078125
3,222,509.15741,425.06323,168.1883698
3,223,1611.12805,486.33511,2249.5859375
3,224,812.9765,456.78748,712.3780518
3,225,435.32147,435.32147,0.0
3,226,696.82605,429.72784,534.1964111
3,227,648.66602,456.97897,383.3740234
3,228,437.63113,437.63113,0.0
3,229,722.57629,419.3783,606.3960571
3,230,2514.57007,468.55249,4092.0351562
3,231,428.69397,428.69397,0.0
3,232,2059.46729,464.20001,3190.5344238
3,233,476.5354,473.5011,6.0686269
3,234,489.90063,439.4368,100.9276733
3,235,793.71429,475.69104,636.0465088
3,236,504.70996,504.70996,0.0
3,237,1038.62781,463.20773,1150.8400879
3,238,443.92932,443.92932,0.0
3,239,3730.54199,504.70724,6451.6694336
3,240,388.2424,372.09326,32.2982979
3,241,451.54553,447.3147,8.4616756
3,242,1414.48877,482.03897,1864.8996582
3,243,4942.10791,321.0687,9242.078125
3,244,611.78162,425.61838,372.3264771
3,245,500.19583,500.19583,0.0
3,246,1156.11816,440.25278,1431.730835
3,247,431.15143,430.88477,0.5333445
3,248,433.52509,413.9035,39.2431831
3,249,6568.68701,539.35016,12058.6738281
3,250,1942.53955,460.08044,2964.9182129
3,251,509.79648,509.79648,0.0
3,252,524.63696,419.78082,209.7122955
3,253,806.61877,413.43097,786.3756714
3,254,6637.37891,539.51935,12195.71875
3,255,404.25476,404.25476,0.0
3,256,2796.89673,497.00372,4599.7861328
3,257,41472.54297,304.34921,82336.390625
3,258,358.08435,357.87408,0.4205213
3,259,359.86353,309.87766,99.9717331
3,260,6013.60742,452.69611,11121.8222656
3,261,604.26196,529.98602,148.5518188
3,262,995.56586,401.6015,1187.9287109
3,263,393.80103,393.80103,0.0
3,264,404.9158,387.28455,35.2625198
3,265,3717.16968,294.58405,6845.1713867
3,266,2184.69434,431.40747,3506.5737305
3,267,503.69775,397.04492,213.3056641
3,268,496.94531,489.21286,15.4649324
3,269,305.06747,293.27057,23.5938034
3,270,389.66092,389.66092,0.0
3,271,61783.48047,494.82568,122577.3125
3,272,534.55554,532.43134,4.2483706
3,273,11450.58789,289.69263,22321.7910156
3,274,400.22086,392.36957,15.7026005
3,275,781.38257,492.14905,578.467041
3,276,2202.18335,407.50861,3589.3496094
3,277,381.33862,381.33862,0.0
3,278,439.72977,421.89069,35.6781464
3,279,407.72351,402.31067,10.8257008
3,280,12009.66797,464.63501,23090.0664062
3,281,1951.32385,397.3912,3107.8652344
3,282,2940.29395,453.38269,4973.8227539
3,283,492.55478,492.55478,0.0
3,284,368.59927,357.3941,22.4103355
3,285,1704.73743,377.31619,2654.8425293
3,286,3501.5708,385.75061,6231.640625
3,287,11495.2998,465.39105,22059.8183594
3,288,152.05605,149.65198,4.8081412
3,289,525.88843,374.40344,302.9699097
3,290,581.75311,466.56793,230.3704071
3,291,513.20386,338.55807,349.291626
3,292,3502.8938,492.86398,6020.0595703
3,293,3826.27271,470.11823,6712.309082
3,294,456.96896,449.49951,14.9389305
3,295,938.16492,359.2146,1157.9006348
3,296,10245.68164,304.30386,19882.7558594
3,297,2650.29907,414.53305,4471.5322266
3,298,402.88791,395.76886,14.2380686
3,299,1757.22363,391.76016,2730.927002
3,300,745.03418,393.72339,702.621521
3,301,1184.79749,421.34824,1526.8984375
3,302,3300.46094,506.51834,5587.8852539
3,303,409.79306,409.79233,0.0014424
3,304,4480.07129,478.54565,8003.0512695
3,305,492.96613,492.96613,0.0
3,306,41894.79688,514.91388,82759.765625
3,307,540.59851,540.59851,0.0
3,308,1557.91821,539.21997,2037.3966064
3,309,7426.62549,489.40225,13874.4462891
3,310,422.77875,421.53616,2.4851816
3,311,689.25702,465.13965,448.2347717
3,312,446.22116,445.68625,1.0698013
3,313,292.33286,282.99121,18.6833057
3,314,527.77917,527.77917,0.0
3,315,521.15601,427.63,187.0519562
3,316,3407.29688,509.46851,5795.6567383
3,317,669.1604,430.1283,478.0641785
3,318,439.91931,437.38986,5.0588942
3,319,473.04117,415.28757,115.5071945
3,320,1992.2677,486.5303,3011.4748535
3,321,426.52502,426.52502,0.0
3,322,417.38727,417.38727,0.0
3,323,1269.08191,420.80649,1696.5507812
3,324,40910.15625,584.62305,80651.0625
3,325,369.91815,367.69135,4.4536114
3,326,950.36383,420.30481,1060.118042
3,327,2669.31763,413.60101,4511.4331055
3,328,500.6188,450.54465,100.1483002
3,329,496.35641,424.18655,144.3397369
3,330,586.17487,418.81412,334.7214966
3,331,1089.59351,430.68707,1317.8129883
3,332,5452.26318,505.47949,9893.5673828
3,333,414.10645,413.77383,0.6652499
3,334,1401.78296,414.91663,1973.732666
3,335,433.87012,423.49396,20.7523441
3,336,331.32367,325.07703,12.4932871
3,337,1525.14233,452.96271,2144.359375
3,338,410.70703,409.5979,2.2182345
3,339,923.49133,460.83179,925.3190308
3,340,692.92798,473.04065,439.7746277
3,341,591.90314,572.08801,39.6302109
3,342,4320.10742,488.63782,7662.9389648
3,343,9841.83496,292.09479,19099.4804688
3,344,622.88153,435.98639,373.7902527
3,345,424.23291,424.23291,0.0
3,346,411.89624,411.50397,0.7845723
3,347,1584.80298,455.30109,2259.0036621
3,348,487.41867,487.41867,0.0
3,349,3042.42969,516.84875,5051.1616211
3,350,1136.43994,461.09985,1350.6800537
3,351,6731.08398,407.0242,12648.1191406
3,352,690.55127,429.23587,522.6307983
3,353,464.21951,417.18796,94.063118
3,354,8755.5752,512.22852,16486.6933594
3,355,418.31622,417.90527,0.821896
3,356,18823.85352,597.04944,36453.609375
3,357,11390.94238,491.34454,21799.1953125
3,358,355.08588,355.08588,0.0
3,359,516.18903,514.677,3.0240526
3,360,784.74127,468.13632,633.2098999
3,361,781.88074,454.28156,655.1983643
3,362,2159.45752,455.78195,3407.3510742
3,363,4694.78076,459.18738,8471.1865234
3,364,1606.64941,461.55975,2290.1791992
3,365,2073.62769,514.1756,3118.9042969
3,366,442.93103,442.93103,0.0
3,367,3389.73828,505.21265,5769.0512695
3,368,1122.37744,456.59241,1331.5700684
3,369,2575.27563,391.22241,4368.1064453
3,370,633.27338,462.35895,341.8288879
3,371,606.11743,443.15509,325.9247131
3,372,672.33496,460.73804,423.1938477
3,373,390.78101,390.78101,0.0
3,374,4025.01196,527.70172,6994.6206055
3,375,950.17834,480.04642,940.263855
3,376,5402.49463,344.66214,10115.6650391
3,377,495.45172,495.45172,0.0
3,378,656.36816,474.34018,364.0559998
3,379,850.9873,466.05331,769.868042
3,380,540.59747,398.70132,283.7923279
3,381,27570.40039,247.9426,54644.9140625
3,382,520.29828,469.62848,101.3395615
3,383,670.83203,501.45853,338.7470703
3,384,1061.53259,497.38895,1128.2873535
3,385,480.2049,477.79477,4.8202624
3,386,4840.95459,535.68378,8610.5419922
3,387,10412.39258,567.31165,19690.1621094
3,388,3077.46411,529.6377,5095.652832
3,389,1310.2605,517.87103,1584.7790527
3,390,960.35016,498.13297,924.4343872
3,391,62053.73828,372.53552,123362.40625
3,392,488.00073,488.00073,0.0
3,393,1502.85034,522.18854,1961.3237305
3,394,2315.49268,525.84082,3579.3034668
3,395,2044.96448,537.38623,3015.1564941
3,396,506.71796,484.85046,43.734993
3,397,602.12823,602.12823,0.0
3,398,76199.9375,412.94156,151573.984375
3,399,579.98761,532.70227,94.5707016
3,400,655.14502,439.79337,430.7033691
3,401,1260.37598,541.02722,1438.6976318
3,402,488.51862,488.51862,0.0
3,403,521.0592,484.31049,73.4974518
3,404,532.4165,475.01767,114.7976837
3,405,1162.60645,495.9856,1333.2415771
3,406,13905.26953,369.57333,27071.3925781
3,407,1920.76318,501.37799,2838.7702637
3,408,836.49158,335.58667,1001.8098145
3,409,688.76672,441.03189,495.4696045
3,410,709.76855,498.41083,422.7154236
3,411,474.28369,466.43274,15.7019167
3,412,386.00467,385.8295,0.3503658
3,413,528.37164,528.37164,0.0
3,414,8960.83691,381.42688,17158.8203125
3,415,1648.86768,519.91229,2257.9106445
3,416,486.56528,470.04352,33.0435295
3,417,885.73962,475.02985,821.4195557
3,418,1928.43921,485.7587,2885.361084
3,419,516.34698,468.84988,94.9942322
3,420,3330.38721,514.08472,5632.6049805
3,421,8384.06934,520.38025,15727.3779297
3,422,396.3031,396.3031,0.0
3,423,479.55032,456.89349,45.3136444
3,424,11277.39258,506.62283,21541.5390625
3,425,518.75647,518.75647,0.0
3,426,389.88904,378.71094,22.356226
3,427,4249.02344,342.75043,7812.5458984
3,428,291.19345,222.12039,138.1461029
3,429,11683.56152,560.47058,22246.1816406
3,430,861.04004,472.86658,776.3469238
3,431,10477.39355,372.99295,20208.8007812
3,432,3392.51074,514.65863,5755.7041016
3,433,648.02917,440.10559,415.847168
3,434,671.34399,477.19724,388.293457
3,435,441.08069,439.71643,2.7285159
3,436,640.66437,456.69025,367.9482117
3,437,442.92557,414.41083,57.0294914
3,438,6386.09082,318.47375,12135.234375
3,439,6746.12695,548.71704,12394.8203125
3,440,2342.50635,515.62463,3653.7631836
3,441,508.45999,447.15442,122.6111679
3,442,336.08536,328.37003,15.4306669
3,443,11125.28223,302.93561,21644.6933594
3,444,978.85559,436.92993,1083.8513184
3,445,418.48462,418.48462,0.0
3,446,22690.14453,484.82996,44410.6289062
3,447,620.64917,333.51328,574.2717285
3,448,571.28064,428.96609,284.6290588
3,449,537.92792,447.84192,180.1719666
3,450,2141.64355,416.14218,3451.0026855
3,451,398.90045,396.85242,4.0960445
3,452,460.77444,442.36111,36.8266792
3,453,1190.1853,418.93243,1542.5056152
3,454,583.31494,463.72375,239.1823883
3,455,456.59839,456.59839,0.0
3,456,3337.29956,479.02048,5716.5581055
3,457,543.05817,455.83975,174.4368591
3,458,7001.30371,503.01431,12996.5791016
3,459,1613.92419,470.80408,2286.2402344
3,460,591.89465,414.10849,355.5723877
3,461,325.54156,307.77112,35.5408783
3,462,513.65137,423.67886,179.9449463
3,463,1085.5918,451.37918,1268.425293
3,464,624.62006,433.22827,382.7835693
3,465,12115.90527,538.97736,23153.8554688
3,466,384.54163,373.6012,21.8808651
3,467,971.17346,441.36734,1059.6121826
3,468,8505.40723,324.71307,16361.3876953
3,469,454.85574,454.85574,0.0
3,470,527.30139,492.85025,68.9022217
3,471,453.64969,429.99744,47.304493
3,472,750.72931,448.45096,604.5567017
3,473,796.47314,480.0979,632.7505493
3,474,456.90936,456.90936,0.0
3,475,14732.6084,339.51474,28786.1875
3,476,533.48407,445.91699,175.1341095
3,477,456.01743,448.16064,15.7135487
3,478,363.23932,358.56335,9.3519411
3,479,11276.31445,555.20911,21442.2109375
3,480,1137.89185,484.17816,1307.4273682
3,481,472.78482,472.78482,0.0
3,482,914.48022,440.48334,947.9937134
3,483,433.58246,424.82117,17.5225563
3,484,370.67828,370.67828,0.0
3,485,432.13721,432.13721,0.0
3,486,421.15564,420.32086,1.6695703
3,487,32901.26172,389.24948,65024.0273438
3,488,832.91949,462.36639,741.1062012
3,489,458.69058,453.59134,10.1984663
3,490,524.09143,420.5527,207.0775146
3,491,913.78217,422.07779,983.4087524
3,492,399.58151,399.58151,0.0
3,493,479.43002,407.22385,144.4123383
3,494,7404.94141,461.51514,13886.8525391
3,495,679.60498,400.99988,557.210144
3,496,538.27118,504.15549,68.2314301
3,497,989.1665,410.39316,1157.5467529
3,498,9097.0,475.97217,17242.0546875
3,499,405.742,403.27411,4.9357891
3,500,668.72906,413.00681,511.4444885
